縣市,總人口,老年人口_65歲以上,高齡人口_75歲以上,老年人口比例%,高齡人口比例%,機構數,核定床數,身障總人數,身障65歲以上,身障資料年,每千名老人機構數,每千名老人核定床數,床數供需指數_對中位數%,供給不足缺口排名,長照推估需求人數,長照服務使用人數,長照服務涵蓋率%,未滿足需求比例%,A整合中心_實際,A達成率%,B特約單位_實際,C巷弄站_實際,風險_未滿足需求,風險_深度老化,風險_整合資源不足,脆弱度指數,脆弱度排名,涵蓋率缺口排名
連江縣,13625,2414,784,17.72,5.75,1,34,515,114,2025,0.414,14.08,1.5,12,412,138,33.5,66.5,0,0.0,12,3,2.5126188249120687,-1.694194735762452,1.9416448548403158,0.92,1,1
金門縣,137208,27947,9225,20.37,6.72,2,295,6286,1687,2025,0.072,10.56,-23.9,7,4904,2121,43.25,56.75,2,40.0,38,23,2.044717571336427,-0.971979081324364,1.4656984837373972,0.846,2,2
臺北市,2421830,599744,249253,24.76,10.29,103,5401,121813,35055,2025,0.172,9.01,-35.1,4,113710,66070,58.1,41.9,70,206.0,635,293,1.3320679697366031,1.6860723478962285,-0.5094789563397151,0.836,3,3
基隆市,357905,82365,29611,23.01,8.27,28,1821,22197,5768,2025,0.34,22.11,59.4,20,15102,10580,70.06,29.94,9,129.0,128,78,0.758109098683816,0.1820768613344368,0.40671780803340324,0.449,4,4
澎湖縣,106529,23162,9014,21.74,8.46,4,206,6375,1705,2025,0.173,8.89,-35.9,3,4207,3452,82.05,17.95,8,100.0,68,40,0.18271053146618055,0.3235417833377746,0.7517789270830193,0.419,5,10
彰化縣,1201686,251921,101820,20.96,8.47,60,3681,73091,18435,2025,0.238,14.61,5.3,15,49093,45264,92.2,7.8,17,61.0,458,313,-0.3043866709741029,0.3309873055484764,1.215826638908365,0.414,6,14
雲林縣,646458,143862,63385,22.25,9.8,42,2063,49607,14335,2025,0.292,14.34,3.4,14,29663,27051,91.19,8.81,41,195.0,371,218,-0.2559169000908825,1.3212417595718347,-0.3785937042864125,0.229,7,13
臺東縣,207626,44499,17646,21.43,8.5,13,824,16686,4133,2025,0.292,18.52,33.5,18,9446,10533,111.51,-11.51,11,61.0,158,226,-1.2310711024146817,0.35332387218058176,1.215826638908365,0.113,8,21
苗栗縣,529282,109855,44546,20.76,8.42,15,1051,34406,9011,2025,0.137,9.57,-31.0,5,21724,17015,78.32,21.68,39,195.0,206,160,0.3617127546289646,0.2937596944949662,-0.3785937042864125,0.092,9,7
屏東縣,778014,174234,68327,22.39,8.78,59,3326,54134,13986,2025,0.339,19.09,37.6,19,34461,36668,106.4,-6.4,37,106.0,478,322,-0.9858428556688839,0.5617984940802356,0.6803869714175814,0.085,10,18
南投縣,466401,109060,43827,23.38,9.4,19,1491,33600,9223,2025,0.174,13.67,-1.5,11,21345,22829,106.95,-6.95,22,147.0,296,183,-1.012237285357766,1.0234208711437567,0.19254194103708988,0.068,11,19
高雄市,2707022,578016,215869,21.35,7.97,155,8283,154278,39955,2025,0.268,14.33,3.3,13,107980,95426,88.37,11.63,76,146.0,1523,579,-0.12058546059515844,-0.04128880498662132,0.20444060031466285,0.014,12,11
花蓮縣,310777,68812,26700,22.14,8.59,17,1271,26345,6878,2025,0.247,18.47,33.1,17,13950,15257,109.37,-9.37,18,129.0,178,192,-1.1283727759888484,0.42033357207689914,0.40671780803340324,-0.1,13,20
嘉義縣,469622,116191,49495,24.74,10.54,28,1414,37605,10785,2025,0.241,12.17,-12.3,8,23277,26836,115.29,-15.29,41,228.0,305,308,-1.4124728191855458,1.8722104031637772,-0.7712494604463204,-0.104,14,22
新竹縣,598316,92541,36300,15.47,6.07,18,1218,24561,5487,2025,0.195,13.16,-5.2,9,17895,14104,78.82,21.18,18,113.0,168,137,0.3377178185481624,-1.4559380250199898,0.5970963564745707,-0.174,15,8
新竹市,455783,75701,29128,16.61,6.39,13,617,19169,4658,2025,0.172,8.15,-41.3,2,14186,10859,76.55,23.45,12,150.0,122,55,0.44665482835500414,-1.217681314277528,0.15684596320437097,-0.205,16,5
臺南市,1846409,389039,146452,21.07,7.93,121,6190,102142,27451,2025,0.311,15.91,14.7,16,72452,69278,95.62,4.38,72,176.0,1160,269,-0.46851203376678957,-0.07107089382942912,-0.15251917801252612,-0.231,17,15
新北市,4035947,830322,290966,20.57,7.21,214,11076,188268,45567,2025,0.258,13.34,-3.9,10,146627,117151,79.9,20.1,111,258.0,1297,479,0.2858887566136299,-0.6071484929999686,-1.1282092387735094,-0.483,18,9
宜蘭縣,448065,95401,38456,21.29,8.58,40,2436,32302,8927,2025,0.419,25.53,84.0,21,18321,18393,100.39,-0.39,37,285.0,297,180,-0.697423723977642,0.4128880498661973,-1.4494730392679793,-0.578,19,16
嘉義市,261453,53406,21242,20.43,8.12,20,1468,15917,4443,2025,0.374,27.49,98.1,22,10137,10546,104.03,-4.03,9,300.0,106,56,-0.8721068586458816,0.0703940281739074,-1.627952928431574,-0.81,20,17
臺中市,2866851,514203,181673,17.94,6.34,66,4077,139638,33938,2025,0.128,7.93,-42.8,1,92336,82400,89.24,10.76,106,265.0,1415,498,-0.1623366493757542,-1.2549089253310377,-1.21149985371652,-0.876,21,12
桃園市,2357912,407376,140422,17.28,5.96,69,3982,96854,22050,2025,0.169,9.77,-29.6,6,70889,55118,77.75,22.25,78,300.0,679,418,0.389066981761079,-1.5378387693377114,-1.627952928431574,-0.926,22,6
