縣市,老年比率_2025%,老年比率_2030預估%,老年人口_2025,老年人口_2030預估,現有核定床數,2030維持中位服務所需床數,2030床位缺口
臺北市,23.95,28.74,599744,696032,5401,9657,4256
臺中市,17.29,20.91,514203,599402,4077,8316,4239
桃園市,16.56,20.19,407376,475963,3982,6603,2621
新北市,19.88,24.43,830322,985992,11076,13680,2604
高雄市,20.77,24.86,578016,672854,8283,9335,1052
苗栗縣,20.13,23.09,109855,122222,1051,1695,644
新竹市,15.95,18.76,75701,85517,617,1186,569
嘉義縣,23.85,27.26,116191,128011,1414,1776,362
彰化縣,20.14,23.52,251921,282692,3681,3922,241
南投縣,22.46,26.21,109060,122230,1491,1695,204
新竹縣,14.84,16.66,92541,99669,1218,1382,164
金門縣,19.17,23.59,27947,32369,295,449,154
澎湖縣,20.46,23.63,23162,25175,206,349,143
雲林縣,21.68,24.27,143862,156892,2063,2176,113
連江縣,16.64,20.45,2414,2786,34,38,4
臺南市,20.32,24.05,389039,444115,6190,6162,-27
臺東縣,20.78,24.07,44499,49972,824,693,-130
花蓮縣,21.37,25.19,68812,78280,1271,1086,-184
基隆市,22.16,26.77,82365,95797,1821,1329,-491
屏東縣,21.71,25.4,174234,197594,3326,2741,-584
嘉義市,19.84,23.42,53406,61226,1468,849,-618
宜蘭縣,20.62,23.93,95401,107215,2436,1487,-948
